{
  "Get API" : {
    "transaction" : "Get API",
    "sampleCount" : 2,
    "errorCount" : 0,
    "errorPct" : 0.0,
    "meanResTime" : 426.5,
    "medianResTime" : 426.5,
    "minResTime" : 74.0,
    "maxResTime" : 779.0,
    "pct1ResTime" : 779.0,
    "pct2ResTime" : 779.0,
    "pct3ResTime" : 779.0,
    "throughput" : 0.20331401850157568,
    "receivedKBytesPerSec" : 0.7070324412930772,
    "sentKBytesPerSec" : 0.07505146386093321
  },
  "Total" : {
    "transaction" : "Total",
    "sampleCount" : 2,
    "errorCount" : 0,
    "errorPct" : 0.0,
    "meanResTime" : 426.5,
    "medianResTime" : 426.5,
    "minResTime" : 74.0,
    "maxResTime" : 779.0,
    "pct1ResTime" : 779.0,
    "pct2ResTime" : 779.0,
    "pct3ResTime" : 779.0,
    "throughput" : 0.20331401850157568,
    "receivedKBytesPerSec" : 0.7070324412930772,
    "sentKBytesPerSec" : 0.07505146386093321
  }
}